Series Name,Series Code,Country Name,Country Code,1990 [YR1990],2000 [YR2000],2013 [YR2013],2014 [YR2014],2015 [YR2015],2016 [YR2016],2017 [YR2017],2018 [YR2018],2019 [YR2019],2020 [YR2020],2021 [YR2021],2022 [YR2022]
GDP per capita (current US$),NY.GDP.PCAP.CD,Afghanistan,AFG,..,..,651.987861948108,628.146803888496,592.476164793256,520.251954939821,530.14986261654,502.057099211089,500.52298078433,516.866797351726,363.674087113049,..
GDP per capita (current US$),NY.GDP.PCAP.CD,Albania,ALB,617.230435515505,1126.68334010717,4413.06339738921,4578.63320812155,3952.80358410846,4124.05538986272,4531.03220675893,5287.66081699731,5396.21422690995,5343.0377039956,6377.20309553753,6802.80451885113
GDP per capita (current US$),NY.GDP.PCAP.CD,Algeria,DZA,2431.55126920399,1780.37607069151,5519.77757552373,5516.22946321562,4197.41997101868,3967.20065952107,4134.93609898195,4171.79530903532,4021.98360796603,3354.15730265114,3700.31119460857,4273.92218311515
GDP per capita (current US$),NY.GDP.PCAP.CD,American Samoa,ASM,..,..,12038.8715916596,12313.9973571825,13101.5418159165,13300.8246114811,12372.8847825647,13195.9358995539,13672.576657298,15501.5263374397,15743.3107582991,..
GDP per capita (current US$),NY.GDP.PCAP.CD,Andorra,AND,19208.6728089557,21620.4684882246,44747.7538640509,45680.5349900379,38885.5303237179,39931.2169819106,40632.2315536054,42904.8284555114,41328.6004993451,37207.2220000095,42072.341103463,41992.7933583772
GDP per capita (current US$),NY.GDP.PCAP.CD,Angola,AGO,949.349840556856,556.88424373456,5101.98387641128,5059.08044128816,3100.83068530533,1709.51553404553,2283.21423255725,2487.50099555267,2142.23875712854,1502.95075414518,1903.71740495688,2998.50115810921
GDP per capita (current US$),NY.GDP.PCAP.CD,Antigua and Barbuda,ATG,7255.40630322086,11010.1974601342,13350.149136673,14004.8112122163,14861.8827074704,15862.6516627488,16110.31239978,17514.3558637327,18187.7797117112,15284.7723835378,16740.3481963818,18745.1735087796
GDP per capita (current US$),NY.GDP.PCAP.CD,Argentina,ARG,4330.96745108666,7666.51783423783,13080.2547323367,12334.7982453893,13789.060424772,12790.2640639201,14613.035714704,11795.1628852236,9963.67423069626,8496.428156755,10636.1155301986,13686.0086737317
GDP per capita (current US$),NY.GDP.PCAP.CD,Armenia,ARM,634.5604132585,603.298025247115,3833.15707143416,4017.22991251531,3666.14182536082,3679.95234910427,4041.99507231389,4391.92327364082,4828.50488860645,4505.86774552638,4966.51347122366,7014.20659172274
GDP per capita (current US$),NY.GDP.PCAP.CD,Aruba,ABW,11638.7337057728,21023.1575127316,26515.678080228,26942.3079764655,28421.3864931862,28451.2737445083,29326.7080582111,30918.5152176932,31902.7625819564,24487.863569428,29342.1007300268,..
GDP per capita (current US$),NY.GDP.PCAP.CD,Australia,AUS,18249.533940858,21853.4499933573,68156.3861047269,62515.3148315008,56708.96119674,49876.7123761245,53934.1543741253,57206.9906696898,54941.0657202842,51722.0690001531,60444.5023551978,64491.4298860631
GDP per capita (current US$),NY.GDP.PCAP.CD,Austria,AUT,21680.989623313,24625.6007227434,50731.1272541851,51786.3771747897,44195.8175947748,45307.5878620442,47429.1584564391,51466.5565633624,50070.4033482892,48809.2268762235,53637.7057109897,52131.4466586387
GDP per capita (current US$),NY.GDP.PCAP.CD,Azerbaijan,AZE,1234.5308900513,655.097432602586,7875.3446110554,7890.83525042681,5500.50462041954,3880.68626683773,4147.19861886412,4739.79524170312,4805.75371765917,4229.91064904503,5408.04535175023,7736.70123206975
GDP per capita (current US$),NY.GDP.PCAP.CD,"Bahamas, The",BHS,11696.5113658614,24849.6064784902,27389.6019706988,28720.6621934516,29724.9533355233,29675.5358910641,30708.9870181946,31483.9788408235,32279.0113630465,23998.2680191207,28260.4325506367,31458.300811739
GDP per capita (current US$),NY.GDP.PCAP.CD,Bahrain,BHR,8174.79723172088,12738.7741181575,25790.7303121382,25464.760097715,22795.4488576612,22867.1811196134,24349.9098701325,25415.8466249472,25869.1129129041,23433.1872362574,26860.0725018105,30152.0346838601
GDP per capita (current US$),NY.GDP.PCAP.CD,Bangladesh,BGD,294.904656691568,413.100185264402,973.773900233539,1108.51495720707,1236.00439770048,1659.96248898672,1815.61019133661,1963.41270740562,2122.0783861524,2233.30589251829,2457.92404902236,2688.30395035828
GDP per capita (current US$),NY.GDP.PCAP.CD,Barbados,BRB,7772.80875684304,11560.2459031879,16893.6062702039,16924.1903399365,16990.2194668498,17343.7254395315,17843.1979282703,18224.8905923744,19002.9623813263,16643.8065787177,17225.4623044097,20018.5151513054
GDP per capita (current US$),NY.GDP.PCAP.CD,Belarus,BLR,2124.76794393518,1276.2880341,7998.07795284714,8341.28810376533,5967.0691848005,5039.77603167897,5785.53497525452,6360.05206042843,6837.76723174438,6542.8645398436,7489.71894713888,7904.85624285517
GDP per capita (current US$),NY.GDP.PCAP.CD,Belgium,BEL,20600.3752789827,23098.8865077401,46757.9518559601,47764.0715120825,41008.296719472,42012.6227191027,44198.4823908695,47544.9811472749,46641.7116578097,45517.9038182019,51268.3880373598,49582.8253649187
GDP per capita (current US$),NY.GDP.PCAP.CD,Belize,BLZ,3009.49126179562,4642.1470345998,5887.93343545467,6068.08860885237,6142.47883269283,6148.70696109313,6100.99468097883,6059.16255306675,6210.56554311929,5266.87616004213,6228.26730928353,6968.36158480889
GDP per capita (current US$),NY.GDP.PCAP.CD,Benin,BEN,381.805056333014,502.997981047457,1214.29556576578,1251.50476542685,1041.65252315982,1049.82030349922,1095.27445905127,1194.43821427137,1170.96553298105,1237.9492953503,1361.10074905831,1303.22201358944
GDP per capita (current US$),NY.GDP.PCAP.CD,Bermuda,BMU,26841.5197383946,56284.1686478094,99471.6388978631,98467.683993982,102005.62564189,106885.878489327,111820.581466347,113050.73688163,116153.166121638,107791.886435134,111774.669092278,118845.621104325
GDP per capita (current US$),NY.GDP.PCAP.CD,Bhutan,BTN,515.299721559535,722.826756164774,2409.43998870348,2589.89914074134,2695.63690417126,2879.54657217991,3240.70632594822,3210.70781406979,3303.96230868215,3009.92551590976,3266.36277371286,..
GDP per capita (current US$),NY.GDP.PCAP.CD,Bolivia,BOL,685.942717677007,977.329470360318,2853.79716191598,3022.46288443562,2975.64881143063,3013.50270721666,3280.0082139387,3471.0069506501,3472.38083136442,3068.81255516456,3345.19658838387,3523.27373305196
GDP per capita (current US$),NY.GDP.PCAP.CD,Bosnia and Herzegovina,BIH,..,1332.21052295102,5025.24065229631,5196.96942563586,4654.60955224718,4917.26369838618,5327.39318443711,6024.49154590957,6094.72321376258,6095.10247869327,7230.19816280366,7585.37500171521
GDP per capita (current US$),NY.GDP.PCAP.CD,Botswana,BWA,2825.72503382508,3351.6965168531,6436.60306321162,6844.03299550537,5869.73777207249,6411.55166554553,6705.34106167973,6947.81784114167,6691.16105117407,5875.07060571282,7238.79609591086,7737.65468112589
GDP per capita (current US$),NY.GDP.PCAP.CD,Brazil,BRA,3085.39621553317,3726.81142041068,12258.5648491717,12071.4046547485,8783.21441310718,8680.73542054827,9896.7175109967,9121.02009249958,8845.3239312417,6923.70019715065,7696.78553127562,8917.67389796927
GDP per capita (current US$),NY.GDP.PCAP.CD,British Virgin Islands,VGB,..,..,..,..,..,..,..,..,..,..,..,..
GDP per capita (current US$),NY.GDP.PCAP.CD,Brunei Darussalam,BRN,13440.6668227521,17971.8888128415,43950.0570624107,41035.7731365374,30681.4374376753,26762.0374289176,28186.9833864683,31241.0239732766,30748.3201899098,27179.3444218249,31448.9136078023,37152.4662378669
GDP per capita (current US$),NY.GDP.PCAP.CD,Bulgaria,BGR,2366.52982128614,1621.26210738992,7686.62922249699,7912.52053999441,7081.10233572915,7574.19126408348,8386.58920224077,9451.850869564,9878.76887237072,10153.4766003869,12222.235645941,13772.476794451
GDP per capita (current US$),NY.GDP.PCAP.CD,Burkina Faso,BFA,339.631822581939,249.802075679455,762.303780331201,767.371344245295,632.126685840944,665.786328528158,711.184543938412,779.202768060739,772.166877547544,833.244336106076,893.077195986297,832.884265674075
GDP per capita (current US$),NY.GDP.PCAP.CD,Burundi,BDI,206.444928267383,138.004617225366,241.547665658082,257.818557465694,289.359627144769,242.539527360495,244.145422138192,232.060616581243,216.972970864849,216.827417445762,221.15780340632,238.44187565548
GDP per capita (current US$),NY.GDP.PCAP.CD,Cabo Verde,CPV,841.805013643187,1176.70725787049,3757.65995326233,3739.27827890219,3169.0789154116,3312.69675666873,3534.34358304479,3860.45481136132,3928.30909558631,3223.73560213047,3557.83777540965,3902.58904940059
GDP per capita (current US$),NY.GDP.PCAP.CD,Cambodia,KHM,..,301.516598515387,1015.2208813493,1098.07453750857,1170.74281578324,1281.10597109735,1400.89926526097,1533.31598456036,1671.38540009767,1577.91173993243,1625.2350215138,1786.56081858524
GDP per capita (current US$),NY.GDP.PCAP.CD,Cameroon,CMR,1077.33354474758,700.163236203967,1559.13904964956,1631.71398553289,1399.67533596847,1426.06548098045,1479.86222292155,1594.06010909489,1538.68791202148,1539.13054650019,1666.93280948232,1588.47872338696
GDP per capita (current US$),NY.GDP.PCAP.CD,Canada,CAN,21526.3477015733,24271.0020563821,52635.1749580433,50955.9983232404,43596.1355365546,42315.6037056806,45129.4292980922,46547.7951820036,46374.1527517191,43349.677855557,52358.6216405155,54966.4888361088
GDP per capita (current US$),NY.GDP.PCAP.CD,Cayman Islands,CYM,..,..,75685.3583652828,76610.647967975,77295.8456647776,78858.2796562866,81255.1122691866,85231.7751511594,89846.3210991824,83897.5052077489,88475.6008787475,..
GDP per capita (current US$),NY.GDP.PCAP.CD,Central African Republic,CAF,512.850879091036,243.877580064527,352.226854976587,394.856933074796,351.879754779905,372.135456053456,414.740322572797,435.93229629544,426.408752988942,435.469248170025,461.137510928519,427.058096252078
GDP per capita (current US$),NY.GDP.PCAP.CD,Chad,TCD,298.367079239041,168.11765824035,980.083544666224,1017.78776234557,774.411603146897,691.98007735414,662.89747343383,720.265100910693,701.621200811434,643.772216240999,685.690314996613,716.804381236651
GDP per capita (current US$),NY.GDP.PCAP.CD,Channel Islands,CHI,..,44318.2210969282,..,..,..,58093.9960625367,57683.8938973128,62316.2199488315,61281.3272247009,57339.5268713567,67960.7269955768,..
GDP per capita (current US$),NY.GDP.PCAP.CD,Chile,CHL,2481.73974319514,5097.11493718915,15833.2759194461,14666.3431168586,13569.9481274733,13785.6875977318,15045.5278507601,15795.7081412484,14627.14501648,13165.3863429858,16247.4010150765,15355.5064965406
GDP per capita (current US$),NY.GDP.PCAP.CD,China,CHN,317.884673040928,959.360412054851,7020.38568208449,7636.07422276004,8016.44601585644,8094.39037512163,8817.04549566316,9905.4061175104,10143.8602060373,10408.7191247747,12617.5049863004,12720.2156397612
GDP per capita (current US$),NY.GDP.PCAP.CD,Colombia,COL,1467.54743608627,2546.85021319149,8263.64192942212,8167.47284156278,6228.65162186096,5936.26102166829,6449.97098726073,6782.0379203319,6436.50921529531,5304.28912886637,6182.70709867969,6630.28272608054
GDP per capita (current US$),NY.GDP.PCAP.CD,Comoros,COM,996.528053838927,654.180431028375,1595.98981855871,1608.68787502176,1322.93677460001,1357.26622888841,1414.58668930426,1531.33781085768,1510.7973226286,1519.58677981636,1577.47084066118,1484.8924647255
GDP per capita (current US$),NY.GDP.PCAP.CD,"Congo, Dem. Rep.",COD,259.805597176304,392.626333784131,444.864357393335,472.266235961574,482.064568490893,456.027950503848,451.089088632243,546.212593331533,575.882781272568,524.666686258939,577.209215199828,586.464288888955
GDP per capita (current US$),NY.GDP.PCAP.CD,"Congo, Rep.",COG,1173.26443629039,1029.96068877345,3719.65103717713,3622.53007355844,2347.81850686004,1970.25019879955,2088.5002986615,2512.38416688863,2288.80808614703,1838.44812411674,2290.38299445343,2447.98898873051
GDP per capita (current US$),NY.GDP.PCAP.CD,Costa Rica,CRI,1808.49595860746,3773.03379319679,10633.2665598785,10737.6788753949,11529.9551735671,11899.8139783719,12118.1336180615,12383.1499469519,12669.3411617396,12179.2566742377,12537.2567461753,13198.8217168097
GDP per capita (current US$),NY.GDP.PCAP.CD,Cote d'Ivoire,CIV,906.411513213289,986.777352862812,1903.0542292873,2124.01943006075,1941.5818977126,1999.19537158364,2113.34152529371,2295.5403346362,2290.78737894782,2349.06988200032,2613.37889305378,2486.41219393777
GDP per capita (current US$),NY.GDP.PCAP.CD,Croatia,HRV,..,4952.37775298931,13949.1217681988,13970.9832274478,12071.090955025,12550.7088600004,13562.1440493296,15003.1406807658,15086.2117396215,14236.5352454642,17747.7892862107,18413.2346820557
GDP per capita (current US$),NY.GDP.PCAP.CD,Cuba,CUB,2695.61486458131,2752.20378269319,6814.24384354868,7117.52691001591,7683.75789050585,8055.88990736388,8543.36096849045,8831.90722233737,9139.41585605765,9499.59020230432,..,..
GDP per capita (current US$),NY.GDP.PCAP.CD,Curacao,CUW,..,..,19762.739621629,19552.660553207,19260.269845345,18881.8306152417,18788.8072839326,18956.0979741907,19024.1771511889,16109.8617501685,17717.5964802588,..
GDP per capita (current US$),NY.GDP.PCAP.CD,Cyprus,CYP,9641.5751953125,14388.34765625,27797.453125,27244.34375,23487.21875,24715.142578125,26697.005859375,29419.88671875,29417.921875,28035.984375,31552.03515625,31283.505859375
GDP per capita (current US$),NY.GDP.PCAP.CD,Czechia,CZE,3941.50309406941,6028.5826120265,20133.1691431353,19890.9199056648,17829.6983223668,18575.2320271915,20636.199952435,23424.4804601855,23664.8478631108,22992.8793833348,26822.5141862111,27638.3732756288
GDP per capita (current US$),NY.GDP.PCAP.CD,Denmark,DNK,26891.62750517,30743.3796974953,61191.1937042028,62548.9847332908,53254.8563700916,54663.9983719195,57610.0981801135,61591.9288698958,59592.9806886454,60915.4243995462,68007.7566732954,66983.1320017138
GDP per capita (current US$),NY.GDP.PCAP.CD,Djibouti,DJI,783.695854246259,742.865697154312,2102.19794830208,2239.11453821208,2409.31190224284,2545.73879850905,2655.73321960188,2755.83829341814,2876.04366371536,2917.9962809563,3050.30628163732,3136.11296031934
GDP per capita (current US$),NY.GDP.PCAP.CD,Dominica,DMA,2899.06060116621,4879.14977277925,7240.67911908479,7498.91752183776,7724.04241057376,8223.04145029796,7408.09130082314,7833.19501250117,8561.58701121461,7003.46989117043,7668.15813216962,8414.53659276775
GDP per capita (current US$),NY.GDP.PCAP.CD,Dominican Republic,DOM,992.238964207372,2845.84660974677,6171.29506392047,6533.67096798065,6838.9367346602,7191.06971254766,7513.49795078555,7947.1593538657,8173.34464573914,7167.91493205787,8476.7496882797,10120.5511632969
GDP per capita (current US$),NY.GDP.PCAP.CD,Ecuador,ECU,1458.32687154356,1451.53088517998,6050.3546113274,6374.6314856366,6130.58667556768,6079.08873612077,6246.40425217932,6321.34940071717,6233.25816692363,5645.19928965332,5965.13287054416,6391.28248430643
GDP per capita (current US$),NY.GDP.PCAP.CD,"Egypt, Arab Rep.",EGY,751.187490181277,1398.85983078672,3088.8908340843,3196.86138078687,3370.38244716015,3331.61246134688,2439.96728439968,2531.20007864537,3017.25833578941,3571.5569065135,3886.7224983901,4295.40749561014
GDP per capita (current US$),NY.GDP.PCAP.CD,El Salvador,SLV,897.59298208612,1977.84061443838,3555.16209958481,3638.51765819162,3761.51368000275,3870.31298246063,3986.04901435439,4145.86235103186,4280.28840404719,3961.72663347599,4664.31122268385,5127.32166823012
GDP per capita (current US$),NY.GDP.PCAP.CD,Equatorial Guinea,GNQ,240.832676063628,1527.05637771592,17644.5943098203,16804.9249314414,9788.98380398511,8035.30766558397,8410.3979803065,8719.18686965442,7317.39002392701,6327.59896192339,7506.66786103709,7053.46708464771
GDP per capita (current US$),NY.GDP.PCAP.CD,Eritrea,ERI,..,295.19692403481,..,..,..,..,..,..,..,..,..,..
GDP per capita (current US$),NY.GDP.PCAP.CD,Estonia,EST,..,4070.60902410208,19056.0019226991,20261.0667303883,17402.0376128079,18295.3429322119,20437.7653767361,23165.8494786433,23424.4847073513,23595.2436836437,27943.701219882,28332.6290917984
GDP per capita (current US$),NY.GDP.PCAP.CD,Eswatini,SWZ,1305.24561448831,1686.65745124879,4111.12835304282,3928.52291126341,3583.31129031343,3339.99042721438,3824.04678338499,4021.44555622456,3818.54042507683,3372.90463883844,3982.90522931685,4039.51803604474
GDP per capita (current US$),NY.GDP.PCAP.CD,Ethiopia,ETH,254.295254599846,122.961664711668,490.792474148698,557.534148360438,630.312627132481,705.617512258288,755.752645114994,758.297690230677,840.449603427131,918.652594077418,925.000697216762,1027.58591828225
GDP per capita (current US$),NY.GDP.PCAP.CD,Faroe Islands,FRO,..,23370.7732949015,55560.1361320443,60126.1292136722,52726.6887003408,56833.9143691967,59328.2334807078,62576.803752148,63382.753141994,61979.7954421759,69010.1662014429,..
GDP per capita (current US$),NY.GDP.PCAP.CD,Fiji,FJI,1713.18024493152,2015.85749571271,4586.95616503226,5305.06340024667,5105.1900392223,5368.43365862436,5825.19881260364,6073.39519537246,5968.31955666383,4864.10600771307,4646.53792141919,5316.65838506043
GDP per capita (current US$),NY.GDP.PCAP.CD,Finland,FIN,28364.6450765922,24345.9148217032,49892.2233632736,50327.2402902624,42801.9081167285,43814.0265056977,46412.1364777173,49987.6261584959,48629.8582283024,49169.719338849,53489.7520190898,50536.6244670541
GDP per capita (current US$),NY.GDP.PCAP.CD,France,FRA,21865.5552539348,22416.425417915,42602.7179652671,43068.5487241732,36652.9223052178,37062.5335723839,38781.049487084,41557.8548588869,40494.8982936269,39055.2829280747,43658.9789781222,40963.837337041
GDP per capita (current US$),NY.GDP.PCAP.CD,French Polynesia,PYF,15728.718798864,14346.1862679009,20941.5172242157,21223.0753984013,18252.5141345944,18726.6395043448,19743.9589929011,20614.8943927479,20093.2086174285,18984.6173795396,19999.0767593202,..
GDP per capita (current US$),NY.GDP.PCAP.CD,Gabon,GAB,6055.06024838035,3991.15715123376,9250.08111738777,9255.3680370136,7090.45463415798,6722.19822197571,6975.69519686527,7694.90604516289,7523.8622784602,6680.08267035331,8635.7971437495,8820.34733810024
GDP per capita (current US$),NY.GDP.PCAP.CD,"Gambia, The",GMB,304.70768102727,544.62095705756,647.385537546887,561.649639269727,611.671217782995,640.67627011057,632.001017887163,683.324637893351,722.875350964205,704.030457831626,772.151452383989,840.010193356007
GDP per capita (current US$),NY.GDP.PCAP.CD,Georgia,GEO,1614.6401223992,749.908534993961,4623.88471369397,4739.27780775509,4014.11224099111,4062.12697838612,4356.9285949639,4722.0424231414,4696.15058555612,4255.74299321254,5023.27438368985,6627.70698037798
GDP per capita (current US$),NY.GDP.PCAP.CD,Germany,DEU,22303.9613266628,23694.7604830673,46298.9229177345,48023.8699845455,41103.2564363768,42136.1207908003,44652.5891722723,47939.2782884496,46793.6867615995,46772.8253507537,51203.5544731043,48432.4558732596
GDP per capita (current US$),NY.GDP.PCAP.CD,Ghana,GHA,381.250838118432,253.380211399084,2282.40750113579,1942.92186873525,1711.27147078346,1900.3978364641,1998.72266579856,2180.02968425645,2167.92544002254,2176.57621802942,2410.87730858166,2175.85976967011
GDP per capita (current US$),NY.GDP.PCAP.CD,Gibraltar,GIB,..,..,..,..,..,..,..,..,..,..,..,..
GDP per capita (current US$),NY.GDP.PCAP.CD,Greece,GRC,9600.18523506603,12072.9293569196,21787.7877636036,21616.7100094905,18083.8779056547,17923.9668134721,18582.0893411633,19756.9904562547,19144.2843875557,17658.9473011189,20192.5963039061,20732.0522190537
GDP per capita (current US$),NY.GDP.PCAP.CD,Greenland,GRL,18326.9285151847,19004.0034517255,47535.4910353877,50485.227411927,44536.3560872963,48181.874188064,50765.6956477233,54545.2999786248,53309.5792663647,54693.5114093342,57116.4138715706,..
GDP per capita (current US$),NY.GDP.PCAP.CD,Grenada,GRD,2807.74544370817,4840.68406406257,7205.25476521885,7726.37826175954,8379.62184743156,8849.51353500776,9309.26129609568,9574.3102711372,9887.92074235834,8437.5367823125,9010.5127999358,10016.2086862449
GDP per capita (current US$),NY.GDP.PCAP.CD,Guam,GUM,..,..,32318.8908975541,33483.9414359299,34522.3779304433,35052.8079075238,35663.0250406273,35902.725903793,37752.633077142,34780.8616624614,35904.8635462723,..
GDP per capita (current US$),NY.GDP.PCAP.CD,Guatemala,GTM,845.314813870882,1664.30771229348,3522.76754110253,3779.62604225079,3994.62908519019,4173.28130287658,4454.02466102158,4485.75238352401,4647.80734000427,4609.89725752869,5029.47733808268,5473.20874104102
GDP per capita (current US$),NY.GDP.PCAP.CD,Guinea,GIN,419.686806092696,359.286670086831,757.692272508395,774.56903955885,756.425589848067,720.47325520799,843.464279212393,944.417268594849,1043.89988619523,1073.6593389589,1189.17599946636,1531.65647549394
GDP per capita (current US$),NY.GDP.PCAP.CD,Guinea-Bissau,GNB,250.589846359037,301.495570983325,616.159928711499,605.122546472108,585.957012585401,642.666390083655,718.245737769192,781.644367627497,730.611432269736,710.258132977055,795.118605034735,775.828965734682
GDP per capita (current US$),NY.GDP.PCAP.CD,Guyana,GUY,530.817521363669,938.893297983287,5576.25021487173,5495.37708403271,5668.42976474423,5905.38019563205,6220.97856820609,6094.90983679015,6477.29672607993,6863.07434593017,9998.54431136155,18989.7901988355
GDP per capita (current US$),NY.GDP.PCAP.CD,Haiti,HTI,447.096290415577,814.997919687219,1452.31354765263,1454.64917470105,1405.71478574853,1313.18609516523,1389.35862300356,1489.57840618445,1345.47505482083,1283.14122784667,1823.74222440796,1748.25713234727
GDP per capita (current US$),NY.GDP.PCAP.CD,Honduras,HND,974.229483842708,1079.6056663087,2064.55051938928,2164.42451571622,2257.22528369354,2295.53623075587,2403.30609417895,2457.68601233921,2519.36619342175,2354.12148010105,2771.72261645247,3040.17307960182
GDP per capita (current US$),NY.GDP.PCAP.CD,"Hong Kong SAR, China",HKG,13485.6314525052,25756.7739743351,38403.7777145477,40315.3722179377,42432.1619740441,43734.1980702999,46160.429791493,48537.5668888343,48359.0032522111,46109.2299946609,49764.793115622,48983.623801213
GDP per capita (current US$),NY.GDP.PCAP.CD,Hungary,HUN,..,4624.28220296128,13715.0703590361,14294.2584180751,12717.038597002,13104.6995457458,14621.2395956755,16425.2050299693,16786.2136399075,16125.6094085407,18772.1411117581,18463.2085249699
GDP per capita (current US$),NY.GDP.PCAP.CD,Iceland,ISL,25384.9259111301,32096.3722613695,49804.9829978371,54576.7448146565,52951.6815110898,61987.9263620283,72010.1490316258,74452.1890731447,68403.1448095284,58813.7969830876,68594.0081044426,72902.9799538499
GDP per capita (current US$),NY.GDP.PCAP.CD,India,IND,368.749759408129,442.034778917695,1438.05699513067,1559.86377161811,1590.17432166504,1714.2795405846,1957.96981368095,1974.37773014516,2050.16378973235,1913.21972103493,2238.12713873311,2388.62119776762
GDP per capita (current US$),NY.GDP.PCAP.CD,Indonesia,IDN,582.678967798773,770.865351580294,3602.88551680629,3476.62485432866,3322.58167907656,3558.81885174287,3839.78507463674,3902.66167542693,4151.22755454135,3895.61815205095,4334.21598260314,4787.99930765134
GDP per capita (current US$),NY.GDP.PCAP.CD,"Iran, Islamic Rep.",IRN,2237.05226140112,1672.02287650211,6280.68186752661,5757.54333261849,4990.93679537694,5497.24323256491,5758.59072767048,3829.82985506938,3276.75326508099,2746.41948317956,4084.20030479458,4387.82571517872
GDP per capita (current US$),NY.GDP.PCAP.CD,Iraq,IRQ,10216.5688075328,1963.72283862715,6612.90225210234,6215.98603314029,4416.94292281917,4305.20270154631,4725.19357334032,5601.46706102705,5621.18169491752,4251.33725272808,4770.83534274738,5937.19546600271
GDP per capita (current US$),NY.GDP.PCAP.CD,Ireland,IRL,14031.3025675469,26334.5672050501,51546.3547634549,55643.0594338739,62053.9844381587,62895.9111239299,69970.9489145768,79250.387851767,80927.0746710651,85420.1908556082,100172.079253421,104038.946076296
GDP per capita (current US$),NY.GDP.PCAP.CD,Isle of Man,IMN,..,20693.8381675417,83204.7471690551,91881.1283613609,84753.4567280589,82041.6210499781,83510.3037459928,89425.8913886018,87152.4530174045,79530.6054842568,..,..
GDP per capita (current US$),NY.GDP.PCAP.CD,Israel,ISR,..,21630.5707714145,36941.8423573582,38259.6810956173,36206.5222171621,37690.4739511859,41114.7817082553,42406.8454263606,44452.2325623093,44846.7915954816,52166.8121647134,54659.753964319
GDP per capita (current US$),NY.GDP.PCAP.CD,Italy,ITA,20825.7842228307,20137.5912217673,35560.0814062291,35565.7213771491,30242.3861352184,30960.7315088911,32406.7203150137,34622.1696664735,33673.7509627414,31918.6934933773,35770.0496120858,34157.990122464
GDP per capita (current US$),NY.GDP.PCAP.CD,Jamaica,JAM,1919.79535653497,3447.30389648976,5143.72217220643,4991.56426734718,5077.55163565712,5022.70332766053,5273.14892328505,5594.49310704577,5626.17040261069,4897.26477019956,5183.58110028848,6047.21646430936
GDP per capita (current US$),NY.GDP.PCAP.CD,Japan,JPN,25371.4641705246,39169.3601759313,40898.6478964744,38475.3952461838,34960.6393843385,39375.4731620781,38834.0529341227,39751.1330982711,40415.9567649547,39986.9286287091,39827.1267678179,33815.3172733799
GDP per capita (current US$),NY.GDP.PCAP.CD,Jordan,JOR,1195.22643655778,1673.35812510644,4477.61832070861,4255.89430213385,4064.25301043642,4003.40474641177,4073.11640314668,4146.40731063215,4159.67140765344,3987.65017399411,4046.93146710672,4204.50563967692
GDP per capita (current US$),NY.GDP.PCAP.CD,Kazakhstan,KAZ,1647.46324337761,1229.00095844501,13890.6339998972,12807.263069029,10510.7703082872,7714.84184376024,9247.58068659796,9812.62542188505,9812.59553636276,9121.63640167864,10373.7897924367,11243.6712256386
GDP per capita (current US$),NY.GDP.PCAP.CD,Kenya,KEN,370.100147048148,411.821353915941,1376.8292062766,1489.9197238099,1496.65356762256,1562.07661095478,1675.98842952557,1845.78341285836,1970.0800629654,1936.25075166045,2069.66113651418,2099.30193826696
GDP per capita (current US$),NY.GDP.PCAP.CD,Kiribati,KIR,571.499223418383,757.133436319237,1628.64244178521,1546.88135922715,1459.14369528831,1506.23102993198,1566.44704429709,1607.22964956271,1410.01508996396,1403.99373815921,1766.14394497188,1701.97012305233
GDP per capita (current US$),NY.GDP.PCAP.CD,"Korea, Dem. People's Rep.",PRK,..,..,..,..,..,..,..,..,..,..,..,..
GDP per capita (current US$),NY.GDP.PCAP.CD,"Korea, Rep.",KOR,6610.0365083067,12256.9935679503,27182.7343101936,29249.5752209742,28732.2310762599,29288.8704389833,31616.8434004683,33436.9230646064,31902.4169048194,31721.2980183057,34997.7816427848,32254.6247153456
GDP per capita (current US$),NY.GDP.PCAP.CD,Kosovo,XKX,..,..,3704.56219927088,3902.52981984215,3520.78042080341,3759.47103972559,4009.35603807673,4384.19040401626,4416.03132183173,4310.93298389393,5269.78390114389,5351.43954231081
GDP per capita (current US$),NY.GDP.PCAP.CD,Kuwait,KWT,11002.0656154304,19493.9145280203,47762.7223166767,43239.8136517377,29315.1960719019,27026.6481960811,29258.289635943,32012.1352035471,30666.2206640015,24297.7011414501,32186.7654076734,43233.4890938984
GDP per capita (current US$),NY.GDP.PCAP.CD,Kyrgyz Republic,KGZ,609.172891237019,279.619569260939,1282.43824730088,1279.77077699195,1121.08269123697,1120.66706080157,1242.7702228364,1308.13977921847,1374.03113638998,1182.52150620357,1306.17799234979,1606.66807508711
GDP per capita (current US$),NY.GDP.PCAP.CD,Lao PDR,LAO,200.619148122898,318.770922809904,1815.44023790527,1984.50867013598,2125.45905698314,2309.0490761946,2439.4633552251,2553.36186646266,2598.50552320723,2593.35509719847,2535.62343427332,2088.37718210612
GDP per capita (current US$),NY.GDP.PCAP.CD,Latvia,LVA,..,3361.64086880275,15007.4918561719,15742.3913381905,13786.4567953114,14331.7515885053,15695.115154106,17865.0310947639,17945.2222164981,18207.1396408628,21080.1774491839,21851.1052012696
GDP per capita (current US$),NY.GDP.PCAP.CD,Lebanon,LBN,789.850392064409,3994.86114388889,8255.20921057153,7665.37969184142,7802.75136773923,8172.29947595953,8679.8974221128,9225.84515488016,8925.42186018651,5599.95752260733,4136.14657516013,..
GDP per capita (current US$),NY.GDP.PCAP.CD,Lesotho,LSO,331.523789179543,443.949928352154,1141.36103810369,1165.0507051115,1113.86863173964,986.265256814218,1062.71239873122,1162.97879205186,1094.49943775496,939.504249056769,1040.30862270774,1107.39529790821
GDP per capita (current US$),NY.GDP.PCAP.CD,Liberia,LBR,..,301.87646966176,717.635753333907,713.734882389203,699.662946853965,722.131226789418,706.892691974846,700.037039377706,665.878447568436,597.529691893048,675.66318584916,754.532876859838
GDP per capita (current US$),NY.GDP.PCAP.CD,Libya,LBY,6821.87401726743,7424.35347159139,12589.5297146602,9408.75254642338,7867.51573102412,7945.00605016919,10529.116268568,11838.2987075,10542.4290203358,7034.65836451166,5908.9513231651,6716.09598462328
GDP per capita (current US$),NY.GDP.PCAP.CD,Liechtenstein,LIE,49418.0036599409,75210.1554443606,173659.496528595,179467.506904176,167809.21268111,165845.928847599,170875.739911488,175286.619274312,167259.160311816,165284.497122453,184083.321373984,..
GDP per capita (current US$),NY.GDP.PCAP.CD,Lithuania,LTU,..,3293.22997867086,15729.6524666512,16551.018202078,14263.9645773495,15008.313244553,16885.4073948375,19186.3595916406,19598.4008704357,20363.9244050084,23712.5357765275,24826.7910371972
GDP per capita (current US$),NY.GDP.PCAP.CD,Luxembourg,LUX,33465.478207919,48659.5988753233,120000.14072986,123678.702143273,105462.012584423,106899.293549555,110193.213797229,116786.511654675,112621.821337402,117370.49690016,133590.146975586,126426.089934322
GDP per capita (current US$),NY.GDP.PCAP.CD,"Macao SAR, China",MAC,9269.64902237693,15684.7795496765,86853.4734232259,90873.6024865671,73220.6317344085,71919.0526699551,78985.632294577,84923.308755835,83183.4723863046,37646.4956527785,43873.4171613356,31617.5018997155
GDP per capita (current US$),NY.GDP.PCAP.CD,Madagascar,MDG,330.843525320839,285.46646330412,526.688019705349,517.136183197387,455.638034528182,464.616158414292,503.498058680237,512.543991518575,512.279665582666,462.40422880067,503.352081144811,505.035527643123
GDP per capita (current US$),NY.GDP.PCAP.CD,Malawi,MWI,286.916594654486,225.952455474545,501.19717297875,534.126977149089,544.276872378699,454.443266065248,500.165547203323,537.932204050438,584.362867276266,622.184591368491,633.609733286822,645.158692067185
GDP per capita (current US$),NY.GDP.PCAP.CD,Malaysia,MYS,2513.24139547744,4087.56259349384,10727.6705533054,11045.5809765322,9699.58490873216,9555.64733478683,9979.70475684195,11073.9785943006,11132.1034532052,10160.8293465592,11109.2652881747,11971.9275991535
GDP per capita (current US$),NY.GDP.PCAP.CD,Maldives,MDV,955.933666652944,2209.98823138762,8222.55802191859,8872.12866368996,9434.31190964075,9640.31919054401,10063.0037101733,10823.6104831326,11118.5262346524,7282.37291624623,10366.2567800183,11817.5239328803
GDP per capita (current US$),NY.GDP.PCAP.CD,Mali,MLI,299.821615850828,263.498384233191,778.797053031814,818.430341598893,723.504204968944,750.051809022529,795.682802118529,856.35659593664,840.175746132551,822.90613752314,881.510088639799,833.297255208972
GDP per capita (current US$),NY.GDP.PCAP.CD,Malta,MLT,7191.92360259617,11083.0127951665,24769.4496027657,26753.2601254783,24921.6778983872,25623.855626725,28823.3457592861,31566.3581092742,31506.5568445964,29196.9777453786,34218.2147417968,33940.9495961291
GDP per capita (current US$),NY.GDP.PCAP.CD,Marshall Islands,MHL,1704.25869220579,2127.24070522278,3611.69964168874,3672.68093377497,3703.64905889496,4153.11717602268,4507.622862229,4769.19045858792,5188.97111429082,5567.97272706332,6172.14506539834,6727.79956217374
GDP per capita (current US$),NY.GDP.PCAP.CD,Mauritania,MRT,751.193482351168,660.303851848479,1929.77566068946,1715.38883792802,1562.72685253245,1579.19930100836,1634.64284512097,1749.95423645373,1839.96277798478,1868.46824831502,2166.04479650543,2190.70020547034
GDP per capita (current US$),NY.GDP.PCAP.CD,Mauritius,MUS,2506.18493271298,3929.08173176636,9764.64402458295,10366.3551883371,9507.87133656424,9965.72521738767,10841.6846706773,11643.4605962124,11403.2528942201,9005.46202174274,9062.72247588818,10216.2947440415
GDP per capita (current US$),NY.GDP.PCAP.CD,Mexico,MEX,3196.91987187933,7232.91068093609,10865.6872912453,11076.1341141975,9753.40056232226,8875.08206876137,9434.37817948243,9857.00748742213,10145.1526279593,8654.99732516958,10045.676371041,11091.3054302538
GDP per capita (current US$),NY.GDP.PCAP.CD,"Micronesia, Fed. Sts.",FSM,1492.85518696186,2088.20954444136,2920.70086272777,2928.44878191958,2891.32210264749,3022.65362747328,3320.3549760029,3623.32933678299,3699.08151446862,3639.41269869588,3571.33676887856,3741.05776874774
GDP per capita (current US$),NY.GDP.PCAP.CD,Moldova,MDA,..,440.538683980372,3321.04391689154,3289.16784588695,2749.91303825395,2847.63506882245,3454.95469039113,4156.95750022299,4404.95042249597,4376.24249318339,5235.63604416292,5562.61362534668
GDP per capita (current US$),NY.GDP.PCAP.CD,Monaco,MCO,81813.3157655432,81764.256804385,185055.487411959,195772.673042609,170338.600368097,174606.493834998,173611.784301022,194287.09331266,199382.781206882,182537.304600697,234317.084818276,..
GDP per capita (current US$),NY.GDP.PCAP.CD,Mongolia,MNG,1184.76291423329,463.853881903101,4422.30087597824,4211.93943483306,3919.35121410276,3690.7567775547,3708.24822113607,4165.0228208175,4394.94715010112,4041.17414513165,4566.14013102675,4946.75481125723
GDP per capita (current US$),NY.GDP.PCAP.CD,Montenegro,MNE,..,1627.06499690495,7188.86244459578,7387.87103632246,6517.18961381857,7033.43800629458,7803.36257940837,8850.37840418683,8909.65333601178,7677.36914105517,9465.96640819442,9893.51590693197
GDP per capita (current US$),NY.GDP.PCAP.CD,Morocco,MAR,1219.42456054688,1492.37707519531,3377.6435546875,3430.53466796875,3139.22827148438,3132.9521484375,3288.50268554688,3492.67236328125,3498.58251953125,3258.10498046875,3795.38696289063,3527.94189453125
GDP per capita (current US$),NY.GDP.PCAP.CD,Mozambique,MOZ,..,318.342688504828,672.203988558972,680.375300447653,594.226917756451,430.992945098065,462.699970143116,504.535826061786,508.163403756662,454.062364345564,491.83907494798,541.454425499229
GDP per capita (current US$),NY.GDP.PCAP.CD,Myanmar,MMR,50.7829481961904,150.407828858471,1195.93779969734,1238.72871010838,1224.5623682428,1161.86181771761,1175.20255456427,1274.91566321935,1295.20148745222,1477.45290479479,1210.5406876897,1095.70178954585
GDP per capita (current US$),NY.GDP.PCAP.CD,Namibia,NAM,2037.91060341669,2156.09014168741,5463.03136620996,5544.1038127905,4965.67282931154,4614.89217952266,5453.57062341501,5687.38118605248,5126.17614281673,4252.04180684509,4919.18895548026,4911.32763537761
GDP per capita (current US$),NY.GDP.PCAP.CD,Nauru,NRU,..,..,8825.97522077303,9063.00364136768,7587.25148547245,8528.62766313758,9361.0386655318,10985.8755528475,10316.5250416633,10124.7004971896,11632.6914902719,11913.6573290384
GDP per capita (current US$),NY.GDP.PCAP.CD,Nepal,NPL,184.923647653537,223.711891850609,809.384457748037,827.744704916142,882.307663457577,880.224893683469,1027.96547448918,1161.5343496196,1185.68231813605,1139.18989202387,1229.39420520705,1336.54604726414
GDP per capita (current US$),NY.GDP.PCAP.CD,Netherlands,NLD,21290.8603827045,26214.498549887,52198.8975607458,52900.5374153222,45193.4032187971,46039.105928411,48675.2223350217,53044.5324352244,52476.2732533318,52162.5701150397,57708.1112134322,55985.4034255707
GDP per capita (current US$),NY.GDP.PCAP.CD,New Caledonia,NCL,14800.7912526944,16039.169170899,38503.2538471888,39675.5663122926,32428.5721129183,32286.9105568684,33874.9307617678,36495.1959858513,34934.5794941128,34700.9816157681,36668.4253519191,..
GDP per capita (current US$),NY.GDP.PCAP.CD,New Zealand,NZL,13663.0216184298,13641.0178601057,42976.6495882584,44572.8987536626,38630.7265886928,40058.1961621466,42910.9728362488,43236.8866923404,42796.4305818389,41760.5947839997,49996.4206725811,48249.2640150011
GDP per capita (current US$),NY.GDP.PCAP.CD,Nicaragua,NIC,238.765007996396,996.89785199474,1794.78256608089,1913.52132128269,2025.32726145896,2079.44552907512,2127.27765860035,1981.86316786346,1905.63831305189,1876.60737169569,2064.92511550317,2255.42598603695
GDP per capita (current US$),NY.GDP.PCAP.CD,Niger,NER,419.603895477906,192.87772578084,548.157849006161,560.754475310886,481.111301119154,497.036120778867,514.543268872382,567.330849192284,550.963543141805,564.821997328603,590.629481388087,533.028763819513
GDP per capita (current US$),NY.GDP.PCAP.CD,Nigeria,NGA,567.517902154176,565.305992623438,2976.75673612767,3200.95314600431,2679.55476480921,2144.77993839856,1941.87948520625,2125.83428239448,2334.02354308408,2074.61392802438,2065.74906750923,2184.42149316828
GDP per capita (current US$),NY.GDP.PCAP.CD,North Macedonia,MKD,2299.0443294502,1861.89900722369,5241.05363860085,5495.73140012997,4861.55615984223,5149.58676436907,5450.49703529752,6108.73913136452,6070.38805358275,5965.45023195365,6694.64112581709,6591.4712922903
GDP per capita (current US$),NY.GDP.PCAP.CD,Northern Mariana Islands,MNP,..,..,14806.0067892829,16044.4307312558,17665.1007493109,24054.9156122269,30751.6410731534,25862.7544529262,23687.2718520599,17302.9221368504,..,..
GDP per capita (current US$),NY.GDP.PCAP.CD,Norway,NOR,28242.7934092985,38178.0561473638,103553.840134417,97666.6951838749,74809.9658049898,70867.3609970749,76131.8384032764,82792.8427113304,76430.5889473338,68340.0181033702,90655.3910229392,106148.778627718
GDP per capita (current US$),NY.GDP.PCAP.CD,Oman,OMN,6475.41707045963,8321.39386651557,23563.9405992228,23121.2063768559,18777.4330589162,17082.2061998982,17802.5751178049,19887.5743113149,19132.1522739094,16707.6230063214,19509.4664633867,25056.7948608378
GDP per capita (current US$),NY.GDP.PCAP.CD,Pakistan,PAK,346.668515520908,531.306496052198,1126.04077606401,1173.39230924409,1282.44302583998,1468.82207690892,1567.64061969895,1620.7425960251,1437.1658337701,1322.31478270271,1505.01019279459,1596.66266149236
GDP per capita (current US$),NY.GDP.PCAP.CD,Palau,PLW,..,7416.48078677887,12418.8261724235,13580.0067430883,15761.3633809149,16743.376740009,16011.6611537815,15948.275862069,15567.0908684974,14016.2474961051,12083.8881491345,..
GDP per capita (current US$),NY.GDP.PCAP.CD,Panama,PAN,2626.14328023876,4099.00653989315,11932.2862205866,12837.2479584282,13669.5594424097,14382.2323819969,15185.9724813803,16156.0742942819,16472.8317548406,13293.3332050433,15491.2897902482,17357.6286293985
GDP per capita (current US$),NY.GDP.PCAP.CD,Papua New Guinea,PNG,833.053994956815,639.279199918609,2578.49864720758,2742.25004998231,2502.07374624489,2332.6756636019,2495.14047352341,2584.32773832502,2593.77579783693,2446.08441340059,2644.53717330941,3020.26964580164
GDP per capita (current US$),NY.GDP.PCAP.CD,Paraguay,PRY,1431.83920038625,1728.34074341006,6435.82655022784,6629.4265185753,5861.38972416093,5759.01833315657,6136.05835430284,6242.96150239538,5807.83881414187,5353.34804464198,5959.44176327886,6153.05567679103
GDP per capita (current US$),NY.GDP.PCAP.CD,Peru,PER,1194.54830200693,1941.318259717,6697.18768268879,6614.83049889676,6180.11879937394,6163.86117862599,6676.3077877014,6912.10462268352,6955.88176963678,6063.62657980167,6635.46392344859,7125.8292350929
GDP per capita (current US$),NY.GDP.PCAP.CD,Philippines,PHL,820.487180286668,1073.26443619332,2847.56795417743,2935.9285781194,2974.29692047629,3038.15204593606,3077.43443152814,3194.67270414955,3413.8490672059,3224.4228110466,3460.53940077621,3498.50981598253
GDP per capita (current US$),NY.GDP.PCAP.CD,Poland,POL,1731.2095094382,4501.47996121234,13558.3425613478,14181.9501803099,12560.051419682,12378.8117640735,13815.499946254,15504.5089372145,15700.0135796738,15816.8204022734,17999.8322682985,18321.2808899533
GDP per capita (current US$),NY.GDP.PCAP.CD,Portugal,PRT,7884.61798756332,11526.3720667968,21653.1959752226,22103.7009703317,19250.1065376852,19991.9724878811,21490.4298631042,23562.5545228187,23330.8172889316,22242.4064179716,24598.4727937544,24274.5165823077
GDP per capita (current US$),NY.GDP.PCAP.CD,Puerto Rico,PRI,8652.50749222505,16192.1269719638,28513.1657351067,28981.4573305866,29763.4883013861,30627.1634017011,31108.7527508912,31615.0667918433,32916.866800639,31427.4291136799,32601.5656391821,35208.6371888414
GDP per capita (current US$),NY.GDP.PCAP.CD,Qatar,QAT,16664.8314327886,27494.7713320186,97630.8255152088,93126.1494633822,66984.9102002396,58467.2355711087,59407.6980498883,66264.081168209,62827.3969543275,52315.6600783117,66838.3276414802,88046.3204155891
GDP per capita (current US$),NY.GDP.PCAP.CD,Romania,ROU,1648.33213009001,1659.92898538553,9497.20742687855,10031.3421526698,8976.95523628605,9404.38048702324,10727.9717457361,12494.4246355892,12957.9991142218,13047.457681178,14927.1168555732,15892.1185256988
GDP per capita (current US$),NY.GDP.PCAP.CD,Russian Federation,RUS,3492.71020507813,1771.59411621094,15974.623046875,14095.646484375,9313.021484375,8704.89453125,10720.33203125,11287.3544921875,11536.2587890625,10194.44140625,12593.1572265625,15345.0966796875
GDP per capita (current US$),NY.GDP.PCAP.CD,Rwanda,RWA,348.38783214137,255.088225982301,704.423523628556,724.728681179813,733.822850390664,728.806677024971,756.547604942853,768.964130260141,806.128014394646,773.820557473379,821.228194072436,966.327110112571
GDP per capita (current US$),NY.GDP.PCAP.CD,Samoa,WSM,747.780848318875,1406.76568300557,3989.8982485629,3948.7287814226,4048.46705675448,4105.81068128252,4261.64051331162,4189.05221936817,4308.30145287685,4042.72271474144,3857.35668493835,3743.20567929219
GDP per capita (current US$),NY.GDP.PCAP.CD,San Marino,SMR,..,37473.7869829611,50435.367329687,50133.6065241633,42281.8112547926,43398.4285242172,44885.5178370475,48464.5246465877,47287.3983949924,45321.489222868,54982.4517157142,..
GDP per capita (current US$),NY.GDP.PCAP.CD,Sao Tome and Principe,STP,..,..,1551.19290457442,1754.6004708083,1571.4985399244,1688.37530288509,1805.52465051182,1950.62935180937,1991.73826385183,2161.31020078768,2360.54355385897,2404.25869314484
GDP per capita (current US$),NY.GDP.PCAP.CD,Saudi Arabia,SAU,7349.70343546405,8795.26059641872,23945.5123106892,23862.8011860096,20442.3660631613,19930.407543816,20910.4829617971,24175.5831237449,23405.7061087736,20398.0609873699,24160.6760455307,30436.2783034025
GDP per capita (current US$),NY.GDP.PCAP.CD,Senegal,SEN,980.754562221962,619.642123497551,1391.53219002002,1417.09498783186,1238.12639982031,1290.74997113225,1385.19921458889,1484.22706929232,1462.6783520711,1492.47590420334,1633.56011880605,1598.73599053078
GDP per capita (current US$),NY.GDP.PCAP.CD,Serbia,SRB,..,914.785719885861,6755.07367461629,6600.05618640595,5588.9794435877,5765.20335248009,6292.5465490011,7252.40366767165,7417.20658487785,7733.80349392648,9230.17444674566,9393.62890629911
GDP per capita (current US$),NY.GDP.PCAP.CD,Seychelles,SYC,5642.07289740475,8063.65547617017,14729.6270299959,15188.1742779408,14894.4857827096,15409.8050193774,15961.2416816717,16409.4711279453,16851.1197648771,12020.021913519,12963.0646717088,15874.5400675106
GDP per capita (current US$),NY.GDP.PCAP.CD,Sierra Leone,SLE,150.193419097826,138.713941615327,706.452665201504,702.33860325433,581.293411814954,515.44783140804,484.456115646579,519.649983516466,506.606908156498,493.432252431844,504.621272179526,461.361138294258
GDP per capita (current US$),NY.GDP.PCAP.CD,Singapore,SGP,11861.7561591366,23852.8343394594,56967.4257940383,57564.8023114977,55645.6068614606,56895.6433372978,61164.8973569773,66836.5385122528,66070.4706679227,61274.0064626976,77710.0699565617,82807.6490834764
GDP per capita (current US$),NY.GDP.PCAP.CD,Sint Maarten (Dutch part),SXM,..,..,27942.8805401415,33043.6883812669,32274.8905524359,31616.6816992667,29369.0568278169,28988.2592085877,35084.0351930602,29314.0942947043,32316.5959834846,36220.3380075608
GDP per capita (current US$),NY.GDP.PCAP.CD,Slovak Republic,SVK,2405.53516040785,5426.62428119306,18276.0095516548,18719.9881409368,16390.8821748507,16563.4404971233,17585.1970022571,19486.3936845502,19381.592110485,19551.6211601931,21782.8550659196,21258.1141354655
GDP per capita (current US$),NY.GDP.PCAP.CD,Slovenia,SVN,..,10201.3035366727,23503.2824850257,24247.1733184079,20890.1664304173,21678.3594670635,23514.0254604149,26123.7471277906,26016.0786839136,25545.2410027132,29291.4006234431,29457.40284439
GDP per capita (current US$),NY.GDP.PCAP.CD,Solomon Islands,SLB,662.85274862805,976.428300931315,2208.08525325958,2235.7335956261,2134.80542436874,2196.28390774566,2283.57894441331,2450.48293051599,2398.77296268603,2222.46214297336,2232.53695646531,2203.18965958102
GDP per capita (current US$),NY.GDP.PCAP.CD,Somalia,SOM,131.02323900236,..,356.117903406242,377.557387161667,387.607994416701,387.186681561763,377.349071976258,379.986002695215,405.786763279583,416.217774718244,446.98155963536,461.775850005151
GDP per capita (current US$),NY.GDP.PCAP.CD,South Africa,ZAF,3160.8783649925,3241.66124034865,7441.23085399675,6965.1378973693,6204.92990145846,5735.06678717842,6734.47515312493,7048.50811239074,6688.77474649645,5741.64124877252,7055.05517621298,6776.48007742932
GDP per capita (current US$),NY.GDP.PCAP.CD,South Sudan,SSD,..,..,1659.14078728478,1245.14931107226,1071.77776475545,..,..,..,..,..,..,..
GDP per capita (current US$),NY.GDP.PCAP.CD,Spain,ESP,13804.8767869937,14749.6874248766,29077.1820557566,29513.65118004,25754.36102944,26537.1594894549,28185.3213671972,30379.7211126417,29581.5185513293,26959.6754367322,30103.513733191,29350.1685214481
GDP per capita (current US$),NY.GDP.PCAP.CD,Sri Lanka,LKA,466.897656641503,869.753488572239,3643.83244853816,3885.62360951803,3990.3531233888,4107.82976157993,4388.20190753404,4360.58474164383,4082.69404756548,3852.38996755421,3994.2469579056,3354.38340757565
GDP per capita (current US$),NY.GDP.PCAP.CD,St. Kitts and Nevis,KNA,5346.47256765575,9275.98974602226,18315.914675326,19945.3926713338,20025.8848511621,21095.2540386708,22160.6036296839,22548.1506296397,23219.4090468738,18566.0178460649,18082.6879898426,20176.7475766259
GDP per capita (current US$),NY.GDP.PCAP.CD,St. Lucia,LCA,4073.26462659876,5846.97550214791,9542.71357425779,10007.1868852904,10290.3504792779,10574.3025992667,11270.4328991025,11563.8720659858,11726.6771483578,8458.07506262658,9414.13774072652,11481.496719925
GDP per capita (current US$),NY.GDP.PCAP.CD,St. Martin (French part),MAF,..,..,..,21920.0180458218,..,..,..,..,..,..,..,..
GDP per capita (current US$),NY.GDP.PCAP.CD,St. Vincent and the Grenadines,VCT,2136.83951627003,3760.08045686378,7117.55476276649,7210.61654857376,7386.73748424022,7684.7792821395,7996.65623319532,8399.69396687848,8680.24198247066,8306.36758115851,8360.10105917172,9125.31749650188
GDP per capita (current US$),NY.GDP.PCAP.CD,Sudan,SDN,1301.81909179688,378.157501220703,1834.56115722656,2076.0009765625,2226.40942382813,2614.29443359375,3188.76928710938,769.869140625,748.010925292969,608.33251953125,749.706787109375,1102.146484375
GDP per capita (current US$),NY.GDP.PCAP.CD,Suriname,SUR,940.991772378839,1978.44661083547,9124.54109297075,9199.17789329145,8907.8381273582,5705.39923222194,6112.88291225207,6730.83678250321,6690.04478601228,4796.53331389928,4869.13422621242,5858.2860595119
GDP per capita (current US$),NY.GDP.PCAP.CD,Sweden,SWE,30593.7241338416,29624.7698677482,61126.9431963979,60020.3604576572,51545.4836095322,51965.1571531985,53791.5087298403,54589.0603860606,51939.4297445291,52837.9039778149,61143.2212428047,55873.2208108977
GDP per capita (current US$),NY.GDP.PCAP.CD,Switzerland,CHE,39575.726814294,38864.0438950021,87304.3305813557,88724.9909402638,83806.4476003837,82153.0745447889,82254.3769269767,85216.6429514169,84121.9310304414,85656.322666307,91991.6004583563,92101.4697414382
GDP per capita (current US$),NY.GDP.PCAP.CD,Syrian Arab Republic,SYR,1926.38460729734,4941.85259705136,993.739883114507,1071.23420366067,857.497867522093,664.341672265103,862.319063807846,1111.87209285102,1124.520554158,537.211361424552,..,..
GDP per capita (current US$),NY.GDP.PCAP.CD,Tajikistan,TJK,485.319861766486,137.18190923442,1038.32071675482,1094.43012404924,970.362599670694,801.39383995978,844.365249851831,850.666958178735,889.023371807526,852.330229589791,916.691967061922,1054.18948358818
GDP per capita (current US$),NY.GDP.PCAP.CD,Tanzania,TZA,167.144546508789,399.451141357422,955.3212890625,1012.98474121094,929.107238769531,942.88134765625,975.924560546875,1011.59967041016,1050.93237304688,1104.16442871094,1146.03198242188,1192.40380859375
GDP per capita (current US$),NY.GDP.PCAP.CD,Thailand,THA,1545.2769565655,2004.10704225596,6041.13401347979,5822.37772319938,5708.79414662172,5854.46385243079,6436.78964911639,7124.55886705161,7628.57608699366,7001.78541255771,7060.89760941608,6908.80211929543
GDP per capita (current US$),NY.GDP.PCAP.CD,Timor-Leste,TLS,..,417.924199644793,1201.42360886915,1221.53422853912,1322.30088745104,1347.92636060894,1283.52588207378,1239.36608695997,1584.26382222333,1660.30830887811,2741.39394462437,2358.4090544008
GDP per capita (current US$),NY.GDP.PCAP.CD,Togo,TGO,570.932838514267,404.822074317398,826.428607280639,853.007813755102,760.242911612052,787.280161556316,814.41983755384,873.555156326018,848.304826917637,875.245409906734,964.050010186895,918.376755793481
GDP per capita (current US$),NY.GDP.PCAP.CD,Tonga,TON,1150.28129668079,1996.51507828251,4208.18868562018,4125.4260282984,4117.93037018511,3978.43821197087,4367.25562971244,4649.61351282985,4878.97818832247,4605.97087843701,4425.9705910742,..
GDP per capita (current US$),NY.GDP.PCAP.CD,Trinidad and Tobago,TTO,4001.52228393122,6120.94594259561,19821.528649641,20327.9834550529,18389.5310289802,15991.1087914364,16094.6667788294,16164.1613344567,15690.9630952205,13871.7982158614,16032.502767725,18222.2603252218
GDP per capita (current US$),NY.GDP.PCAP.CD,Tunisia,TUN,1456.22448917712,2170.50814294017,4308.33742099708,4398.63869540854,3960.92484913663,3796.10901086093,3569.71883883673,3577.1694604526,3477.84427052074,3497.73323057269,3807.18456310206,3776.66777934015
GDP per capita (current US$),NY.GDP.PCAP.CD,Turkiye,TUR,2773.65070628836,4278.26653426387,12507.8031578864,12020.349659273,10851.9201069804,10734.2564687192,10464.007789586,9400.83633703723,9103.01239697463,8561.0643326366,9661.22773420424,10616.0610448133
GDP per capita (current US$),NY.GDP.PCAP.CD,Turkmenistan,TKM,857.339059424351,635.714311781872,7049.79750519535,7685.50985852327,6208.2966545016,6163.25340597611,6354.53282979422,6721.34954037245,7180.4595520094,7297.18004219407,..,..
GDP per capita (current US$),NY.GDP.PCAP.CD,Turks and Caicos Islands,TCA,..,..,22451.5687325118,24040.8746605688,25783.2941047676,26995.0321602259,25659.1958638691,26831.9714609396,27795.1485608171,20882.2612702141,23158.6378951102,24917.595805527
GDP per capita (current US$),NY.GDP.PCAP.CD,Tuvalu,TUV,961.091944906504,1564.01519486158,3536.90117547358,3556.37878915785,3384.38253416751,3836.07307089399,4181.43756939925,4419.25632329714,4940.0506820692,4674.90908818494,5372.75676603732,5334.98860491543
GDP per capita (current US$),NY.GDP.PCAP.CD,Uganda,UGA,244.754072542541,257.829605739453,819.757867445612,897.509728519811,864.180059367602,753.684405538911,766.177603973574,793.12808227851,823.024732829946,846.881199214807,883.465728078128,964.224385224431
GDP per capita (current US$),NY.GDP.PCAP.CD,Ukraine,UKR,1568.53662109375,658.344604492188,4187.73974609375,3104.65380859375,2124.66259765625,2187.7275390625,2638.32543945313,3096.5625,3661.45776367188,3751.7373046875,4827.845703125,4533.9755859375
GDP per capita (current US$),NY.GDP.PCAP.CD,United Arab Emirates,ARE,26682.8498094612,31855.5006047175,45729.607675743,46865.9645976866,41525.1389043587,41054.5395698941,43063.9674785596,46722.2687193126,45376.1708390447,37629.1741680652,44315.554183896,53757.8632508308
GDP per capita (current US$),NY.GDP.PCAP.CD,United Kingdom,GBR,19096.2412009479,28289.65268964,43449.0917173139,47447.5889322667,45071.0743234873,41146.0773555246,40622.6893883232,43306.3083049317,42747.080460496,40318.4169225055,46585.8975644567,45850.4261222629
GDP per capita (current US$),NY.GDP.PCAP.CD,United States,USA,23888.6000088133,36329.9560727102,53291.1276891406,55123.8497869046,56762.7294515989,57866.7449341091,59907.754260885,62823.309438197,65120.3946628653,63528.6343027508,70219.472454115,76398.5917422054
GDP per capita (current US$),NY.GDP.PCAP.CD,Uruguay,URY,2983.24373634077,6932.47832494715,18140.8919180672,18131.5788465661,16950.7533762432,16837.9403803049,18995.3970195554,19026.04961089,18098.361548609,15650.4994274155,17923.9953327961,20795.0423535553
GDP per capita (current US$),NY.GDP.PCAP.CD,Uzbekistan,UZB,651.419209686743,558.226802377,2419.71874381787,2628.4600544321,2753.97105783086,2704.67718855008,1916.7646252423,1604.25864157357,1795.20176845657,1759.30747050785,1993.42447790795,2255.15115489364
GDP per capita (current US$),NY.GDP.PCAP.CD,Vanuatu,VUT,1119.28001513864,1416.1970239414,2877.44452801285,2861.20316407946,2643.88689399558,2757.20330593386,3032.19702028187,3076.8353148388,3076.58988588361,2917.75684908933,3044.57364031957,3010.29217286159
GDP per capita (current US$),NY.GDP.PCAP.CD,"Venezuela, RB",VEN,2461.03935458171,4795.63474784068,12433.9807853398,15975.7293753361,..,..,..,..,..,..,..,..
GDP per capita (current US$),NY.GDP.PCAP.CD,Viet Nam,VNM,96.7192957412953,394.583136574358,2367.49954241069,2558.7789242001,2595.23497870737,2760.7171010752,2992.07174595941,3267.22500852051,3491.09127859728,3586.34729656749,3756.48912237473,4163.5143004093
GDP per capita (current US$),NY.GDP.PCAP.CD,Virgin Islands (U.S.),VIR,..,..,34597.9766940328,33045.3643795999,34007.3529411765,35324.9748874586,35365.0693039774,36653.8630480089,38596.0307118282,39552.1685953523,..,..
GDP per capita (current US$),NY.GDP.PCAP.CD,West Bank and Gaza,PSE,..,1476.17185000238,3315.29753909282,3352.11259506043,3272.15432360708,3527.61382413178,3620.36048715937,3562.33094270256,3656.85827137011,3233.56863835858,3678.63565662194,3789.32796575153
GDP per capita (current US$),NY.GDP.PCAP.CD,"Yemen, Rep.",YEM,422.210702169172,518.14867272789,1497.7479410273,1557.60140563182,1488.41626715083,1069.81699688467,893.716572852695,701.714877767947,693.816483547342,583.875662932079,603.707959365751,676.928385042108
GDP per capita (current US$),NY.GDP.PCAP.CD,Zambia,ZMB,427.406453462986,364.026125867299,1840.32055335789,1724.57621968232,1307.90964916032,1249.92314348406,1495.75213841021,1475.19983636703,1268.12094056241,956.831747486282,1137.34439483196,1487.90776431025
GDP per capita (current US$),NY.GDP.PCAP.CD,Zimbabwe,ZWE,868.490174851563,565.284389703613,1408.36781031236,1407.03429109916,1410.32917348908,1421.78779140568,1192.10701198862,2269.17701232332,1421.86859641758,1372.69667433317,1773.92041088078,1266.99603069032
GDP per capita (current US$),NY.GDP.PCAP.CD,Africa Eastern and Southern,AFE,819.844295928423,709.061010146892,1736.22250714845,1724.53438087977,1545.55908352233,1436.09440388982,1613.66848779126,1550.11176204468,1499.9544365215,1353.9275274008,1539.16554316986,1622.39171959406
GDP per capita (current US$),NY.GDP.PCAP.CD,Africa Western and Central,AFW,591.9896084034,522.772772119317,2153.76613809455,2247.85749211781,1880.75077764461,1646.97239910395,1588.58100471239,1732.81654392311,1810.53800638238,1686.99789853738,1765.96530719796,1790.34880033979
GDP per capita (current US$),NY.GDP.PCAP.CD,Arab World,ARB,2850.80154498515,2857.13272055077,7348.84954968398,7302.2503496362,6283.25602556899,6113.39773758358,6224.52297014464,6573.81696971074,6498.52903712431,5639.39873488484,6414.72561815051,7655.84840197887
GDP per capita (current US$),NY.GDP.PCAP.CD,Caribbean small states,CSS,2995.96689738191,5246.59626700535,10542.0752110958,10711.7786572268,10447.6799478983,9769.46964089534,10061.0866121034,10339.100779196,10409.7163826574,8864.60436985981,10114.1468413213,12382.3753760863
GDP per capita (current US$),NY.GDP.PCAP.CD,Central Europe and the Baltics,CEB,2305.67634682273,3952.06824439875,13665.7265983293,14141.1006164469,12525.6327000489,12782.2222396049,14222.4542912046,16077.0239465209,16349.0053581845,16298.2670593913,18790.4181600999,19337.8890310738
GDP per capita (current US$),NY.GDP.PCAP.CD,Early-demographic dividend,EAR,911.326362214013,1354.97962019911,3347.1139989727,3414.4378268947,3204.50859093736,3264.72507479012,3485.10955398458,3480.2807841338,3506.63417506725,3232.2471401811,3714.71391519885,4069.17601218906
GDP per capita (current US$),NY.GDP.PCAP.CD,East Asia & Pacific,EAS,2605.90737845755,4089.04265865943,9468.44402937117,9694.44764520113,9586.89199191842,9855.05982291635,10452.7370700637,11311.7690787375,11480.7038150104,11482.8804990942,13119.40564996,12906.694013545
GDP per capita (current US$),NY.GDP.PCAP.CD,East Asia & Pacific (excluding high income),EAP,416.677813510951,954.440267804461,5882.14219490776,6291.28338162026,6501.71268639374,6591.13640599459,7149.12126805695,7944.47136791977,8169.0089232591,8262.89754957938,9812.14597481484,9952.18812123202
GDP per capita (current US$),NY.GDP.PCAP.CD,East Asia & Pacific (IDA & IBRD countries),TEA,421.631727483568,965.661296811857,5948.47098907,6361.98221072104,6574.57347185452,6664.81340856374,7228.80110163654,8032.84451265894,8259.76325551476,8354.65293827494,9921.17770568929,10062.9224412061
GDP per capita (current US$),NY.GDP.PCAP.CD,Euro area,EMU,18903.2829635424,20215.5536922064,39119.9712010537,39913.1212610408,34388.8103723606,35164.0647840609,37157.1125976758,40045.5661943636,39183.1023427645,38161.6659419747,42472.3326927924,40755.0473759676
GDP per capita (current US$),NY.GDP.PCAP.CD,Europe & Central Asia,ECS,10522.1857289629,11667.3420725881,26090.3028271239,26321.0879621973,22560.0452974631,22380.6179946978,23644.7807272577,25244.0337921615,24870.5764692993,23995.1500027063,27239.9401146701,27363.874640104
GDP per capita (current US$),NY.GDP.PCAP.CD,Europe & Central Asia (excluding high income),ECA,2467.89602924435,1788.40584633532,10750.5615847087,9890.31659095404,7459.08184487651,7044.68473024733,7865.2274511544,7995.71882866252,8128.39505469146,7462.09763148974,8919.90863602739,10376.7802480968
GDP per capita (current US$),NY.GDP.PCAP.CD,Europe & Central Asia (IDA & IBRD countries),TEC,2382.07609670876,2052.57426429872,10963.2926109029,10296.6025496716,7995.18856221115,7640.98436011711,8532.08643311335,8869.05582689638,9016.26377063046,8439.66710909809,9983.84766919692,11324.5106744239
GDP per capita (current US$),NY.GDP.PCAP.CD,European Union,EUU,15459.4947497804,16948.3308695398,34564.9279509325,35280.7488271727,30485.7582865714,31175.2158538517,33088.6745527209,35749.0880582971,35077.7285770448,34332.6449639779,38436.149211449,37149.6085917605
GDP per capita (current US$),NY.GDP.PCAP.CD,Fragile and conflict affected situations,FCS,1141.6358542516,858.471100542478,2337.84788517276,2423.57469553104,1892.96123417839,1735.35624838942,1795.60316339251,1847.17353437264,1906.88721564883,1697.42205372878,1780.26139196499,1857.01159963759
GDP per capita (current US$),NY.GDP.PCAP.CD,Heavily indebted poor countries (HIPC),HPC,453.925419060711,373.726147213202,986.931455571369,1018.50599310726,961.05912289048,978.109791276521,1051.22070001086,973.033541392665,980.443936644367,964.91637621707,1043.67963008607,1097.0516591685
GDP per capita (current US$),NY.GDP.PCAP.CD,High income,HIC,18476.8850773094,25191.0460137549,41752.8000576397,42410.7482556388,39815.1402467714,40436.3619417573,42079.9179374498,44530.3800579065,44727.7346006187,43437.8943103859,48351.0720660842,49430.3293645734
GDP per capita (current US$),NY.GDP.PCAP.CD,IBRD only,IBD,1053.26851716701,1467.06150982623,5827.25160119958,5959.81193021316,5524.93979758256,5513.37201767983,6033.40589351785,6363.72285385021,6450.76019852946,6170.42273178302,7275.45462599073,7658.32088697013
GDP per capita (current US$),NY.GDP.PCAP.CD,IDA & IBRD total,IBT,930.017306435024,1254.87927774585,4713.75426286518,4823.22717913561,4473.5452447004,4455.01334108557,4839.28174336472,5076.88440746253,5131.96671603115,4895.9749891472,5712.35778982205,5988.57279695996
GDP per capita (current US$),NY.GDP.PCAP.CD,IDA blend,IDB,514.373907365373,557.376614868524,1954.03318394757,2083.53595188821,1930.75022370839,1818.7524929092,1751.91664584804,1875.79861269869,1874.5846274451,1720.74122393904,1842.03199304628,1930.61281858042
GDP per capita (current US$),NY.GDP.PCAP.CD,IDA only,IDX,400.506928443912,467.807160637652,1043.1385988104,1091.21399218489,1075.7318853631,1128.68034518962,1209.69996683014,1178.52443284313,1206.13799722073,1198.15115452242,1273.74388066576,1330.8545441218
GDP per capita (current US$),NY.GDP.PCAP.CD,IDA total,IDA,437.585728739058,496.815031048305,1348.33814525028,1423.48680466244,1361.63277291469,1358.88632920905,1390.17031609944,1410.16581042278,1427.76901211753,1371.12917554267,1461.61016032231,1528.9727987133
GDP per capita (current US$),NY.GDP.PCAP.CD,Late-demographic dividend,LTE,1102.22385580294,1666.72374184302,8544.86785366166,8812.35816027434,8213.69238667473,8182.50377942849,9021.94241319322,9839.70401037061,9979.37423743445,9720.85844961143,11554.2868836793,12074.4770230096
GDP per capita (current US$),NY.GDP.PCAP.CD,Latin America & Caribbean,LCN,2677.52569213284,4398.04248172102,10363.6438720924,10458.7590467418,8652.43996546112,8363.88418721044,9202.64482769228,8920.94381678282,8713.5436460742,7344.06092228177,8413.26011713122,9474.46768764656
GDP per capita (current US$),NY.GDP.PCAP.CD,Latin America & Caribbean (excluding high income),LAC,2617.84257374626,4204.24103860366,9840.59859734047,9781.72374713917,8226.89248465706,7912.27908614332,8732.61538577559,8387.84905597904,8184.42457418509,6837.63041190964,7804.44821172299,8884.68273481444
GDP per capita (current US$),NY.GDP.PCAP.CD,Latin America & the Caribbean (IDA & IBRD countries),TLA,2608.504858792,4310.63620542029,10287.0774222014,10377.3450398167,8505.15322358281,8199.54481275202,9052.33127649881,8759.32482226801,8532.48435762488,7136.21474095016,8195.12865998321,9237.90374865276
GDP per capita (current US$),NY.GDP.PCAP.CD,Least developed countries: UN classification,LDC,356.677323037357,330.128575659965,1011.2237721167,1060.76041240991,1003.22265531385,1016.0809259919,1104.79466366493,1063.20913025769,1089.87177789316,1082.60022121405,1151.78183621485,1259.14120042621
GDP per capita (current US$),NY.GDP.PCAP.CD,Low & middle income,LMY,901.189296300194,1187.34503385632,4534.20503998183,4626.71772238126,4329.83603008854,4312.05125164811,4680.47789006203,4900.34640799462,4957.61075209281,4729.76698690413,5520.31844976608,5793.34394875075
GDP per capita (current US$),NY.GDP.PCAP.CD,Low income,LIC,461.117491402682,487.481210650629,752.721538968048,790.08051376843,772.240784952307,743.60366854985,800.556409230306,659.119783762847,681.746857893197,653.673818043846,682.78266910265,741.244363322251
GDP per capita (current US$),NY.GDP.PCAP.CD,Lower middle income,LMC,514.020252697292,601.11322738431,1982.5702931399,2052.7572622194,1969.27210224466,2035.51134139588,2156.0915320913,2178.18232467009,2235.39181598856,2123.38231816223,2404.55179404135,2542.19993808198
GDP per capita (current US$),NY.GDP.PCAP.CD,Middle East & North Africa,MEA,3144.38435751182,3284.45984950586,8471.77477628623,8345.56671523531,7217.65155733438,7158.04931084411,7337.22417641969,7561.2011392369,7444.6212852487,6579.37098743688,7694.85516864621,8949.39677899439
GDP per capita (current US$),NY.GDP.PCAP.CD,Middle East & North Africa (excluding high income),MNA,2216.07729462501,1888.61214426368,4470.13993154294,4317.81331814743,3805.67992801712,3832.82046747944,3771.39884360959,3514.39002104317,3475.85916647375,3120.19843893516,3604.88875794318,3952.11139122738
GDP per capita (current US$),NY.GDP.PCAP.CD,Middle East & North Africa (IDA & IBRD countries),TMN,2215.44821411794,1892.90151253098,4483.24548822751,4328.80742842554,3811.77354395558,3836.32167107753,3773.13677949318,3513.83379259827,3473.74211447634,3118.8605067659,3604.01229800729,3954.09404072478
GDP per capita (current US$),NY.GDP.PCAP.CD,Middle income,MIC,934.290342725502,1246.29144326899,4918.90784541895,5022.06455731427,4701.52802314385,4690.37407299098,5098.30761134328,5363.87064337831,5433.45843415971,5191.84969531779,6078.45380677436,6388.15816925793
GDP per capita (current US$),NY.GDP.PCAP.CD,North America,NAC,23653.3998971158,35151.3296023334,53234.150098465,54714.4709286191,55452.4213839576,56312.4348848537,58423.8858786865,61174.6914729159,63203.3738891388,61461.1211260357,68382.9399492465,74164.6530205831
GDP per capita (current US$),NY.GDP.PCAP.CD,Not classified,INX,..,..,..,..,..,..,..,..,..,..,..,..
GDP per capita (current US$),NY.GDP.PCAP.CD,OECD members,OED,17019.7362411748,23026.1764374782,37494.4599104378,38003.5730732136,35600.8318697942,36050.9052347759,37405.8305439479,39352.5214381054,39531.3435697755,38341.3207587843,42522.4500902694,43260.7027011599
GDP per capita (current US$),NY.GDP.PCAP.CD,Other small states,OSS,3059.01345448594,4277.58228896806,15307.1559029115,15449.9740381913,12506.3179993659,12092.1033399975,12899.8790530463,14068.4470181579,13563.8976571233,11679.5574715833,13931.796724276,15990.6473634936
GDP per capita (current US$),NY.GDP.PCAP.CD,Pacific island small states,PSS,1325.6559674714,1687.72591275528,3582.87862118196,3851.25099308888,3723.87521329512,3866.86192070379,4128.66065294262,4286.73414362489,4234.83396306924,3713.50694343002,3641.55824740651,3874.93417803281
GDP per capita (current US$),NY.GDP.PCAP.CD,Post-demographic dividend,PST,19062.7252829105,25861.4262191245,42524.0778250591,43169.4440151042,40641.1629320461,41372.2823086822,42971.5268715281,45386.7472120914,45701.5843923387,44494.6457414394,49340.466480345,50307.6693628282
GDP per capita (current US$),NY.GDP.PCAP.CD,Pre-demographic dividend,PRE,945.525159785786,503.857806709648,1819.86827662709,1876.47621861826,1557.65947525165,1382.13840053726,1429.30516801927,1447.50951774897,1484.2360142926,1329.36845168249,1413.97365959385,1553.28051193406
GDP per capita (current US$),NY.GDP.PCAP.CD,Small states,SST,2921.42756423184,4314.06146341325,13667.1265135642,13841.3117720446,11583.9808617568,11165.6026482055,11855.7989344526,12810.4061877279,12442.1201273464,10702.8860207874,12638.5703105452,14626.5057055616
GDP per capita (current US$),NY.GDP.PCAP.CD,South Asia,SAS,356.66537923874,447.950614861535,1364.39969359005,1475.33821399497,1523.38333625648,1675.3676225853,1887.85738514752,1920.20841039312,1964.98051916795,1853.89308716516,2136.15805981447,2272.4547387962
GDP per capita (current US$),NY.GDP.PCAP.CD,South Asia (IDA & IBRD),TSA,356.66537923874,447.950614861535,1364.39969359005,1475.33821399497,1523.38333625648,1675.3676225853,1887.85738514752,1920.20841039312,1964.98051916795,1853.89308716516,2136.15805981447,2272.4547387962
GDP per capita (current US$),NY.GDP.PCAP.CD,Sub-Saharan Africa,SSF,726.680908742204,632.354480728224,1905.49834554254,1936.66436558837,1681.36733401646,1521.52750951476,1603.5018042159,1624.144531615,1625.76257570346,1488.79549974746,1630.98390327386,1690.38756577047
GDP per capita (current US$),NY.GDP.PCAP.CD,Sub-Saharan Africa (excluding high income),SSA,726.017420818015,631.449155497044,1904.2904823024,1935.43079529759,1680.14350918185,1520.25837569558,1602.20823161311,1622.83477392256,1624.43717233441,1487.89476802804,1630.03154175388,1689.21565485367
GDP per capita (current US$),NY.GDP.PCAP.CD,Sub-Saharan Africa (IDA & IBRD countries),TSS,726.680908742204,632.354480728225,1905.49834554254,1936.66436558837,1681.36733401646,1521.52750951476,1603.5018042159,1624.144531615,1625.76257570346,1488.79549974746,1630.98390327387,1690.38756577047
GDP per capita (current US$),NY.GDP.PCAP.CD,Upper middle income,UMC,1304.72634054619,1860.11287450474,8056.65632354449,8218.29574009477,7664.04540830913,7590.18239180598,8335.15812415431,8895.01022378209,9006.03715615141,8649.36556133265,10257.2797765954,10794.9318569097
GDP per capita (current US$),NY.GDP.PCAP.CD,World,WLD,4318.91253431034,5508.43301374779,10738.3174082682,10898.72081124,10156.9534578037,10208.8699002511,10746.8562684176,11290.0999748475,11330.4536704935,10895.7352329064,12282.0000713291,12647.480789067
,,,,,,,,,,,,,,,
,,,,,,,,,,,,,,,
,,,,,,,,,,,,,,,
Data from database: World Development Indicators,,,,,,,,,,,,,,,
Last Updated: 10/26/2023,,,,,,,,,,,,,,,
